What our customers say,What our customers say about us
Your Name,Your Name
Your Email,Your Email
Your Website,Your Web
Your Company,Your Company
Your Testimonial,Your Testimonial
Security Code,Security Code
Item information,Item information
ID,ID
Status,Status
Enabled,Enabled
Disabled,Disabled
Write Your Own Testimonial,Write Your Own Testimonial
Submit Testimonial,Submit Testimonial
Submit Your Testimonial,Submit Your Testimonial
View All Testimonials,View All Testimonials
Item Manager,Item Manager
Add Item,Add Item
Testimonials,Testimonials
View All,View All
Name is a required field, Name is a required field
Testimonial is a required field, Testimonial is a required field
Wrong email, Wrong email
Wrong website, Wrong website
Security Code is a required field, Security Code is a required field
Security code is incorrect, Security code is incorrect
No Testimonials, No Testimonials